dep,hs4,local_product_exportations,local_total_exportations,world_product_exportations,world_total_exportations,local_rca,rca_norm
43,601,0,12435228223,1766853390,17160008181348,0.0000,0.0000000
43,602,0,12435228223,9166135500,17160008181348,0.0000,0.0000000
43,603,0,12435228223,8272093919,17160008181348,0.0000,0.0000000
43,1105,0,12435228223,757814668,17160008181348,0.0000,0.0000000
43,1203,0,12435228223,153790349,17160008181348,0.0000,0.0000000
43,1214,0,12435228223,2767172655,17160008181348,0.0000,0.0000000
43,2105,0,12435228223,4158082394,17160008181348,0.0000,0.0000000
43,2203,0,12435228223,15721600846,17160008181348,0.0000,0.0000000
43,2522,0,12435228223,1171952120,17160008181348,0.0000,0.0000000
43,2703,0,12435228223,1996401660,17160008181348,0.0000,0.0000000
43,3704,0,12435228223,53778382,17160008181348,0.0000,0.0000000
43,3705,0,12435228223,1537962770,17160008181348,0.0000,0.0000000
43,4902,0,12435228223,3460781313,17160008181348,0.0000,0.0000000
43,4904,0,12435228223,98435942,17160008181348,0.0000,0.0000000
43,4906,0,12435228223,120327686,17160008181348,0.0000,0.0000000
43,5201,0,12435228223,14092426138,17160008181348,0.0000,0.0000000
43,6808,0,12435228223,543319078,17160008181348,0.0000,0.0000000
43,6811,0,12435228223,1298792171,17160008181348,0.0000,0.0000000
43,6914,0,12435228223,1623763217,17160008181348,0.0000,0.0000000
43,7003,0,12435228223,2446521293,17160008181348,0.0000,0.0000000
43,7004,0,12435228223,837907508,17160008181348,0.0000,0.0000000
43,7005,0,12435228223,5728546923,17160008181348,0.0000,0.0000000
43,7106,0,12435228223,17850492484,17160008181348,0.0000,0.0000000
43,7107,0,12435228223,117380400,17160008181348,0.0000,0.0000000
43,7108,0,12435228223,287012348772,17160008181348,0.0000,0.0000000
43,7109,0,12435228223,128825043,17160008181348,0.0000,0.0000000
43,7110,0,12435228223,32306760763,17160008181348,0.0000,0.0000000
43,7111,0,12435228223,378834035,17160008181348,0.0000,0.0000000
43,7217,0,12435228223,7597728847,17160008181348,0.0000,0.0000000
43,7223,0,12435228223,2202549823,17160008181348,0.0000,0.0000000
43,7229,0,12435228223,2539623674,17160008181348,0.0000,0.0000000
43,7303,0,12435228223,1552992893,17160008181348,0.0000,0.0000000
43,7309,0,12435228223,3817114028,17160008181348,0.0000,0.0000000
43,7311,0,12435228223,3346047691,17160008181348,0.0000,0.0000000
43,7501,0,12435228223,4923514754,17160008181348,0.0000,0.0000000
43,7502,0,12435228223,13028268622,17160008181348,0.0000,0.0000000
43,7504,0,12435228223,1181672158,17160008181348,0.0000,0.0000000
43,7505,0,12435228223,2835361303,17160008181348,0.0000,0.0000000
43,7506,0,12435228223,1349814485,17160008181348,0.0000,0.0000000
43,7507,0,12435228223,1037302402,17160008181348,0.0000,0.0000000
43,7611,0,12435228223,238294483,17160008181348,0.0000,0.0000000
43,7613,0,12435228223,531470356,17160008181348,0.0000,0.0000000
43,8106,0,12435228223,145558705,17160008181348,0.0000,0.0000000
43,8110,0,12435228223,322745498,17160008181348,0.0000,0.0000000
43,8111,0,12435228223,1302336517,17160008181348,0.0000,0.0000000
43,8113,0,12435228223,1160105176,17160008181348,0.0000,0.0000000
43,8402,0,12435228223,4962278360,17160008181348,0.0000,0.0000000
43,8403,0,12435228223,7140304922,17160008181348,0.0000,0.0000000
43,8404,0,12435228223,1745998262,17160008181348,0.0000,0.0000000
43,8601,0,12435228223,998139269,17160008181348,0.0000,0.0000000
43,8602,0,12435228223,1331365516,17160008181348,0.0000,0.0000000
43,8603,0,12435228223,5528965055,17160008181348,0.0000,0.0000000
43,8604,0,12435228223,1218852061,17160008181348,0.0000,0.0000000
43,8605,0,12435228223,2279340132,17160008181348,0.0000,0.0000000
43,8606,0,12435228223,2717925438,17160008181348,0.0000,0.0000000
43,8607,0,12435228223,11811146528,17160008181348,0.0000,0.0000000
43,8608,0,12435228223,1005663699,17160008181348,0.0000,0.0000000
43,9301,0,12435228223,1095830969,17160008181348,0.0000,0.0000000
43,9302,0,12435228223,956236614,17160008181348,0.0000,0.0000000
43,9303,0,12435228223,1285687164,17160008181348,0.0000,0.0000000
43,9304,0,12435228223,725906938,17160008181348,0.0000,0.0000000
43,9305,0,12435228223,1817829361,17160008181348,0.0000,0.0000000
43,9306,0,12435228223,7315775655,17160008181348,0.0000,0.0000000
43,9704,0,12435228223,125440639,17160008181348,0.0000,0.0000000
43,9705,0,12435228223,1273673827,17160008181348,0.0000,0.0000000
43,9706,0,12435228223,2857664210,17160008181348,0.0000,0.0000000
43,8441,1,12435228223,7357185230,17160008181348,0.0000,0.0000000
43,8439,1,12435228223,5026591598,17160008181348,0.0000,0.0000000
43,2710,328,12435228223,793010159892,17160008181348,0.0000,0.0000000
43,8309,5,12435228223,6761621550,17160008181348,0.0000,0.0000000
43,8507,42,12435228223,52437646916,17160008181348,0.0000,0.0000000
43,2711,328,12435228223,356055126416,17160008181348,0.0000,0.0000000
43,7612,5,12435228223,4985576162,17160008181348,0.0000,0.0000000
43,2701,328,12435228223,126976652994,17160008181348,0.0000,0.0000000
43,2309,118,12435228223,29647247911,17160008181348,0.0000,0.0000000
43,8506,42,12435228223,7982510669,17160008181348,0.0000,0.0000000
43,7013,103,12435228223,8164877104,17160008181348,0.0000,0.0000000
43,2713,328,12435228223,22286157967,17160008181348,0.0000,0.0000000
43,3105,636,12435228223,22831628884,17160008181348,0.0000,0.0000000
43,3102,636,12435228223,20944051737,17160008181348,0.0000,0.0000000
43,9603,297,12435228223,9418551101,17160008181348,0.0000,0.0000000
43,2009,618,12435228223,15427200230,17160008181348,0.0001,0.0000000
43,3104,636,12435228223,14958200701,17160008181348,0.0001,0.0000000
43,5603,694,12435228223,15805865782,17160008181348,0.0001,0.0000000
43,3004,18262,12435228223,345951432878,17160008181348,0.0001,0.0000000
43,4002,1450,12435228223,25774893229,17160008181348,0.0001,0.0000000
43,6804,298,12435228223,4876979453,17160008181348,0.0001,0.0000000
43,6805,298,12435228223,4607712885,17160008181348,0.0001,0.0000000
43,2702,328,12435228223,4658731501,17160008181348,0.0001,0.0000000
43,3506,900,12435228223,12078188133,17160008181348,0.0001,0.0000000
43,6115,1111,12435228223,13258562162,17160008181348,0.0001,0.0000000
43,4814,133,12435228223,1553901734,17160008181348,0.0001,0.0000000
43,2814,636,12435228223,6679186131,17160008181348,0.0001,0.0000000
43,2712,328,12435228223,3302307544,17160008181348,0.0001,0.0000000
43,5703,1006,12435228223,7239218158,17160008181348,0.0002,0.0000001
43,9207,303,12435228223,2076110009,17160008181348,0.0002,0.0000001
43,709,2556,12435228223,14156836374,17160008181348,0.0002,0.0000001
43,5702,1006,12435228223,4809243842,17160008181348,0.0003,0.0000001
43,9209,303,12435228223,1388915566,17160008181348,0.0003,0.0000001
43,4412,3900,12435228223,15724722306,17160008181348,0.0003,0.0000001
43,4911,2930,12435228223,10742581297,17160008181348,0.0004,0.0000001
43,702,2556,12435228223,8975848301,17160008181348,0.0004,0.0000001
43,6909,2020,12435228223,6378689585,17160008181348,0.0004,0.0000002
43,9202,303,12435228223,919285981,17160008181348,0.0005,0.0000002
43,9201,303,12435228223,854903139,17160008181348,0.0005,0.0000002
43,9503,16432,12435228223,46100895030,17160008181348,0.0005,0.0000002
43,9205,303,12435228223,846552997,17160008181348,0.0005,0.0000002
43,8703,269956,12435228223,750880603579,17160008181348,0.0005,0.0000002
43,8712,3115,12435228223,8522352015,17160008181348,0.0005,0.0000002
43,3103,636,12435228223,1735974274,17160008181348,0.0005,0.0000002
43,4411,3900,12435228223,10615891844,17160008181348,0.0005,0.0000002
43,1301,296,12435228223,775032026,17160008181348,0.0005,0.0000002
43,4410,3900,12435228223,9171918068,17160008181348,0.0006,0.0000002
43,703,2556,12435228223,5724239601,17160008181348,0.0006,0.0000002
43,2601,41130,12435228223,90246933285,17160008181348,0.0006,0.0000002
43,9999,332649,12435228223,707268456082,17160008181348,0.0006,0.0000002
43,4418,6600,12435228223,13887097937,17160008181348,0.0007,0.0000002
43,6110,25975,12435228223,53431859637,17160008181348,0.0007,0.0000002
43,7007,5423,12435228223,10802413577,17160008181348,0.0007,0.0000002
43,701,2556,12435228223,4079259962,17160008181348,0.0009,0.0000003
43,5705,1006,12435228223,1566485061,17160008181348,0.0009,0.0000003
43,807,2556,12435228223,3977608714,17160008181348,0.0009,0.0000003
43,1701,15013,12435228223,22406804730,17160008181348,0.0009,0.0000003
43,9206,303,12435228223,438391565,17160008181348,0.0010,0.0000003
43,4818,19995,12435228223,27253526229,17160008181348,0.0010,0.0000004
43,7901,12515,12435228223,16614223855,17160008181348,0.0010,0.0000004
43,3101,636,12435228223,804193976,17160008181348,0.0011,0.0000004
43,7009,5423,12435228223,6697697452,17160008181348,0.0011,0.0000004
43,704,2556,12435228223,3142813849,17160008181348,0.0011,0.0000004
43,3402,29480,12435228223,34776134217,17160008181348,0.0012,0.0000004
43,8525,348588,12435228223,402408662106,17160008181348,0.0012,0.0000004
43,1806,25463,12435228223,28464034489,17160008181348,0.0012,0.0000004
43,705,2556,12435228223,2799326504,17160008181348,0.0013,0.0000004
43,8903,13782,12435228223,14626778616,17160008181348,0.0013,0.0000005
43,707,2556,12435228223,2630712987,17160008181348,0.0013,0.0000005
43,2510,2585,12435228223,2594536583,17160008181348,0.0014,0.0000005
43,5701,1006,12435228223,991309951,17160008181348,0.0014,0.0000005
43,207,25982,12435228223,25526325058,17160008181348,0.0014,0.0000005
43,8471,274185,12435228223,264819093558,17160008181348,0.0014,0.0000005
43,3003,18262,12435228223,17595242497,17160008181348,0.0014,0.0000005
43,714,2556,12435228223,2334387730,17160008181348,0.0015,0.0000005
43,8517,139735,12435228223,127482803772,17160008181348,0.0015,0.0000005
43,4408,3900,12435228223,3516813279,17160008181348,0.0015,0.0000005
43,5905,133,12435228223,105589355,17160008181348,0.0017,0.0000006
43,706,2556,12435228223,2004795223,17160008181348,0.0018,0.0000006
43,1801,10572,12435228223,8245960764,17160008181348,0.0018,0.0000006
43,4907,2930,12435228223,2233381395,17160008181348,0.0018,0.0000006
43,5704,1006,12435228223,726062914,17160008181348,0.0019,0.0000007
43,4901,22072,12435228223,15903394254,17160008181348,0.0019,0.0000007
43,8715,3115,12435228223,2127850656,17160008181348,0.0020,0.0000007
43,4001,19781,12435228223,13235782548,17160008181348,0.0021,0.0000007
43,1517,8750,12435228223,5561118859,17160008181348,0.0022,0.0000008
43,7801,12515,12435228223,7791429010,17160008181348,0.0022,0.0000008
43,7310,11278,12435228223,6405932494,17160008181348,0.0024,0.0000009
43,7006,5423,12435228223,3076938428,17160008181348,0.0024,0.0000009
43,8473,440441,12435228223,249636309362,17160008181348,0.0024,0.0000009
43,6910,17567,12435228223,8908868694,17160008181348,0.0027,0.0000010
43,2808,636,12435228223,319910186,17160008181348,0.0027,0.0000010
43,9022,46070,12435228223,22802995615,17160008181348,0.0028,0.0000010
43,8713,3115,12435228223,1532830266,17160008181348,0.0028,0.0000010
43,8302,74958,12435228223,34684867453,17160008181348,0.0030,0.0000011
43,1704,25463,12435228223,11344999303,17160008181348,0.0031,0.0000011
43,6907,39708,12435228223,17633174675,17160008181348,0.0031,0.0000011
43,8711,60962,12435228223,26968201748,17160008181348,0.0031,0.0000011
43,4909,2930,12435228223,1270846858,17160008181348,0.0032,0.0000011
43,7320,16854,12435228223,7246980114,17160008181348,0.0032,0.0000011
43,3005,18262,12435228223,7819684383,17160008181348,0.0032,0.0000011
43,9208,303,12435228223,129077138,17160008181348,0.0032,0.0000011
43,7312,16854,12435228223,6791727422,17160008181348,0.0034,0.0000012
43,2204,92357,12435228223,35258760198,17160008181348,0.0036,0.0000013
43,4908,2930,12435228223,1091296590,17160008181348,0.0037,0.0000013
43,3208,39348,12435228223,14635826155,17160008181348,0.0037,0.0000013
43,7008,5423,12435228223,1910886823,17160008181348,0.0039,0.0000014
43,8001,12515,12435228223,4334136948,17160008181348,0.0040,0.0000014
43,8521,114498,12435228223,38158458183,17160008181348,0.0041,0.0000015
43,8518,114498,12435228223,36860759698,17160008181348,0.0043,0.0000015
43,6109,131842,12435228223,42194124260,17160008181348,0.0043,0.0000015
43,9013,208853,12435228223,65233216660,17160008181348,0.0044,0.0000016
43,7314,16854,12435228223,5249598049,17160008181348,0.0044,0.0000016
43,6806,15659,12435228223,4837805713,17160008181348,0.0045,0.0000016
43,8714,64077,12435228223,18858124884,17160008181348,0.0047,0.0000017
43,2511,2585,12435228223,724579967,17160008181348,0.0049,0.0000017
43,2804,41130,12435228223,11139795044,17160008181348,0.0051,0.0000018
43,6204,247802,12435228223,60916009407,17160008181348,0.0056,0.0000020
43,6911,26638,12435228223,6383783475,17160008181348,0.0058,0.0000020
43,8802,660298,12435228223,156665964017,17160008181348,0.0058,0.0000020
43,6902,19611,12435228223,4613502184,17160008181348,0.0059,0.0000021
43,6815,35270,12435228223,8265981992,17160008181348,0.0059,0.0000021
43,9504,130930,12435228223,30403234398,17160008181348,0.0059,0.0000021
43,2844,41130,12435228223,9364508618,17160008181348,0.0061,0.0000021
43,3214,39348,12435228223,8802592808,17160008181348,0.0062,0.0000022
43,7318,191036,12435228223,40053073921,17160008181348,0.0066,0.0000023
43,1804,25463,12435228223,5281708329,17160008181348,0.0067,0.0000023
43,8528,388683,12435228223,79738786831,17160008181348,0.0067,0.0000024
43,9010,208853,12435228223,42505277596,17160008181348,0.0068,0.0000024
43,2836,41130,12435228223,8340751814,17160008181348,0.0068,0.0000024
43,4303,24782,12435228223,4980711456,17160008181348,0.0069,0.0000024
43,6203,247802,12435228223,45821470094,17160008181348,0.0075,0.0000026
43,2815,41130,12435228223,7574526353,17160008181348,0.0075,0.0000026
43,8311,16854,12435228223,3051763078,17160008181348,0.0076,0.0000027
43,4910,2930,12435228223,527283574,17160008181348,0.0077,0.0000027
43,2523,67228,12435228223,11909901294,17160008181348,0.0078,0.0000027
43,7317,16854,12435228223,2981016922,17160008181348,0.0078,0.0000027
43,3801,15659,12435228223,2760863264,17160008181348,0.0078,0.0000028
43,8301,74958,12435228223,13117923627,17160008181348,0.0079,0.0000028
43,3304,297603,12435228223,51881954989,17160008181348,0.0079,0.0000028
43,3209,39348,12435228223,6496255578,17160008181348,0.0084,0.0000029
43,3002,1097173,12435228223,179854182282,17160008181348,0.0084,0.0000030
43,8523,295455,12435228223,46727285817,17160008181348,0.0087,0.0000031
43,2528,2585,12435228223,388399026,17160008181348,0.0092,0.0000032
43,1511,195579,12435228223,29181689868,17160008181348,0.0092,0.0000033
43,2843,41130,12435228223,5923943167,17160008181348,0.0096,0.0000034
43,6807,15659,12435228223,2089007407,17160008181348,0.0103,0.0000036
43,4301,16254,12435228223,2163568674,17160008181348,0.0104,0.0000037
43,8514,40576,12435228223,5367272332,17160008181348,0.0104,0.0000037
43,8516,361583,12435228223,47584196153,17160008181348,0.0105,0.0000037
43,6104,247802,12435228223,32224654504,17160008181348,0.0106,0.0000037
43,4810,215030,12435228223,27742391343,17160008181348,0.0107,0.0000038
43,8803,660298,12435228223,84896150679,17160008181348,0.0107,0.0000038
43,2803,41130,12435228223,5272286570,17160008181348,0.0108,0.0000038
43,409,16254,12435228223,2075161238,17160008181348,0.0108,0.0000038
43,2304,195579,12435228223,24840244523,17160008181348,0.0109,0.0000038
43,901,230467,12435228223,28946058942,17160008181348,0.0110,0.0000039
43,1108,34520,12435228223,4317936804,17160008181348,0.0110,0.0000039
43,2811,41130,12435228223,5077089899,17160008181348,0.0112,0.0000039
43,101,24000,12435228223,2954517627,17160008181348,0.0112,0.0000039
43,2515,18713,12435228223,2302217996,17160008181348,0.0112,0.0000039
43,3816,19611,12435228223,2409580239,17160008181348,0.0112,0.0000040
43,7413,16854,12435228223,2021472642,17160008181348,0.0115,0.0000041
43,1803,25463,12435228223,3042567638,17160008181348,0.0115,0.0000041
43,8527,114498,12435228223,13599953294,17160008181348,0.0116,0.0000041
43,3207,39348,12435228223,4589485429,17160008181348,0.0118,0.0000042
43,8501,493153,12435228223,54389105016,17160008181348,0.0125,0.0000044
43,2303,49533,12435228223,5346811274,17160008181348,0.0128,0.0000045
43,6903,19611,12435228223,2113398414,17160008181348,0.0128,0.0000045
43,2833,41130,12435228223,4371126586,17160008181348,0.0130,0.0000046
43,8438,134212,12435228223,14037255531,17160008181348,0.0132,0.0000046
43,2715,15659,12435228223,1617331701,17160008181348,0.0134,0.0000047
43,3505,35420,12435228223,3640790111,17160008181348,0.0134,0.0000047
43,6206,131842,12435228223,13466991787,17160008181348,0.0135,0.0000048
43,6205,131842,12435228223,13136792596,17160008181348,0.0138,0.0000049
43,2809,41130,12435228223,4087952651,17160008181348,0.0139,0.0000049
43,2516,18713,12435228223,1844728554,17160008181348,0.0140,0.0000049
43,8542,6576628,12435228223,647401837447,17160008181348,0.0140,0.0000049
43,6802,118132,12435228223,11459961952,17160008181348,0.0142,0.0000050
43,6912,26638,12435228223,2571816356,17160008181348,0.0143,0.0000050
43,3404,29480,12435228223,2824872552,17160008181348,0.0144,0.0000051
43,4820,48002,12435228223,4577024815,17160008181348,0.0145,0.0000051
43,9018,1272498,12435228223,120604629259,17160008181348,0.0146,0.0000051
43,7304,273110,12435228223,25395959493,17160008181348,0.0148,0.0000052
43,4821,51112,12435228223,4749946252,17160008181348,0.0148,0.0000052
43,2503,43715,12435228223,4038517851,17160008181348,0.0149,0.0000053
43,6108,131842,12435228223,11989407091,17160008181348,0.0152,0.0000053
43,7306,273110,12435228223,24780365131,17160008181348,0.0152,0.0000054
43,4811,215030,12435228223,19417558893,17160008181348,0.0153,0.0000054
43,6813,15659,12435228223,1413311250,17160008181348,0.0153,0.0000054
43,2835,41130,12435228223,3611143028,17160008181348,0.0157,0.0000055
43,8465,95128,12435228223,8283379062,17160008181348,0.0158,0.0000056
43,1805,25463,12435228223,2211489130,17160008181348,0.0159,0.0000056
43,2841,41130,12435228223,3561092964,17160008181348,0.0159,0.0000056
43,4823,119109,12435228223,10175595120,17160008181348,0.0162,0.0000057
43,2202,243457,12435228223,20709644562,17160008181348,0.0162,0.0000057
43,6212,131842,12435228223,11188048969,17160008181348,0.0163,0.0000057
43,103,44671,12435228223,3763657912,17160008181348,0.0164,0.0000058
43,7614,16854,12435228223,1409312618,17160008181348,0.0165,0.0000058
43,6202,247802,12435228223,20436217296,17160008181348,0.0167,0.0000059
43,2208,409558,12435228223,32142042897,17160008181348,0.0176,0.0000062
43,4413,3900,12435228223,305459841,17160008181348,0.0176,0.0000062
43,3405,29480,12435228223,2283642871,17160008181348,0.0178,0.0000063
43,1520,29480,12435228223,2282640117,17160008181348,0.0178,0.0000063
43,6913,26638,12435228223,2054769050,17160008181348,0.0179,0.0000063
43,505,25982,12435228223,1917808569,17160008181348,0.0187,0.0000066
43,8504,1214051,12435228223,88368794713,17160008181348,0.0190,0.0000067
43,4804,215030,12435228223,15157302584,17160008181348,0.0196,0.0000069
43,2530,38452,12435228223,2660752537,17160008181348,0.0199,0.0000070
43,4805,215030,12435228223,14811305087,17160008181348,0.0200,0.0000071
43,9002,208853,12435228223,14358636093,17160008181348,0.0201,0.0000071
43,2520,18713,12435228223,1269537061,17160008181348,0.0203,0.0000072
43,2827,41766,12435228223,2795868038,17160008181348,0.0206,0.0000073
43,7307,273110,12435228223,18244495023,17160008181348,0.0207,0.0000073
43,5607,37118,12435228223,2453157799,17160008181348,0.0209,0.0000074
43,6201,247802,12435228223,16331182536,17160008181348,0.0209,0.0000074
43,2519,35867,12435228223,2362245017,17160008181348,0.0210,0.0000074
43,604,19781,12435228223,1286774266,17160008181348,0.0212,0.0000075
43,8416,40576,12435228223,2631570166,17160008181348,0.0213,0.0000075
43,6904,21491,12435228223,1388755463,17160008181348,0.0214,0.0000075
43,4802,215030,12435228223,13826951619,17160008181348,0.0215,0.0000076
43,6810,152611,12435228223,9794407919,17160008181348,0.0215,0.0000076
43,8702,269956,12435228223,17058465473,17160008181348,0.0218,0.0000077
43,8543,816026,12435228223,51340729869,17160008181348,0.0219,0.0000077
43,6404,645419,12435228223,40462173126,17160008181348,0.0220,0.0000078
43,3303,297603,12435228223,18447730783,17160008181348,0.0223,0.0000078
43,6002,481857,12435228223,29390973250,17160008181348,0.0226,0.0000080
43,1703,15013,12435228223,905193484,17160008181348,0.0229,0.0000081
43,8509,361583,12435228223,21674530410,17160008181348,0.0230,0.0000081
43,3212,39348,12435228223,2350454323,17160008181348,0.0231,0.0000081
43,6105,131842,12435228223,7706829394,17160008181348,0.0236,0.0000083
43,7905,12515,12435228223,723044055,17160008181348,0.0239,0.0000084
43,2849,41130,12435228223,2350615600,17160008181348,0.0241,0.0000085
43,9506,455392,12435228223,25469607049,17160008181348,0.0247,0.0000087
43,8467,147910,12435228223,8238868333,17160008181348,0.0248,0.0000087
43,301,43063,12435228223,2323770321,17160008181348,0.0256,0.0000090
43,6107,131842,12435228223,6981076220,17160008181348,0.0261,0.0000092
43,1512,195579,12435228223,10063580967,17160008181348,0.0268,0.0000094
43,5608,37118,12435228223,1908909326,17160008181348,0.0268,0.0000094
43,1109,34520,12435228223,1747554456,17160008181348,0.0273,0.0000096
43,8705,269956,12435228223,13271179698,17160008181348,0.0281,0.0000099
43,2521,18713,12435228223,909109277,17160008181348,0.0284,0.0000100
43,6103,247802,12435228223,11993728077,17160008181348,0.0285,0.0000100
43,3206,309752,12435228223,14935482933,17160008181348,0.0286,0.0000101
43,6403,1100811,12435228223,52217744925,17160008181348,0.0291,0.0000102
43,3305,297603,12435228223,14078281413,17160008181348,0.0292,0.0000103
43,4903,22072,12435228223,1021204976,17160008181348,0.0298,0.0000105
43,8508,361583,12435228223,16695328629,17160008181348,0.0299,0.0000105
43,3814,39348,12435228223,1805493285,17160008181348,0.0301,0.0000106
43,9021,1272498,12435228223,58333683652,17160008181348,0.0301,0.0000106
43,8455,102527,12435228223,4695340443,17160008181348,0.0301,0.0000106
43,8003,12515,12435228223,570952604,17160008181348,0.0302,0.0000107
43,4801,215030,12435228223,9680881411,17160008181348,0.0307,0.0000108
43,8422,691291,12435228223,30967102829,17160008181348,0.0308,0.0000108
43,7903,12515,12435228223,554802383,17160008181348,0.0311,0.0000110
43,410,16254,12435228223,706949533,17160008181348,0.0317,0.0000112
43,5407,590193,12435228223,25606377056,17160008181348,0.0318,0.0000112
43,9406,194359,12435228223,8389477228,17160008181348,0.0320,0.0000113
43,3204,309752,12435228223,13335406835,17160008181348,0.0321,0.0000113
43,1507,195579,12435228223,8133621094,17160008181348,0.0332,0.0000117
43,3808,860469,12435228223,35458871850,17160008181348,0.0335,0.0000118
43,1509,195579,12435228223,8011106968,17160008181348,0.0337,0.0000119
43,8609,236828,12435228223,9666142677,17160008181348,0.0338,0.0000119
43,8532,720898,12435228223,28996419572,17160008181348,0.0343,0.0000121
43,3307,327083,12435228223,12855316170,17160008181348,0.0351,0.0000124
43,8707,236828,12435228223,9097402369,17160008181348,0.0359,0.0000126
43,2842,41130,12435228223,1577370818,17160008181348,0.0360,0.0000127
43,2101,219895,12435228223,8283885785,17160008181348,0.0366,0.0000129
43,8503,493153,12435228223,17538208969,17160008181348,0.0388,0.0000137
43,7804,12515,12435228223,441262916,17160008181348,0.0391,0.0000138
43,2529,38452,12435228223,1352598431,17160008181348,0.0392,0.0000138
43,6905,21491,12435228223,754175275,17160008181348,0.0393,0.0000138
43,2103,360082,12435228223,12635515836,17160008181348,0.0393,0.0000138
43,2826,41130,12435228223,1428704745,17160008181348,0.0397,0.0000140
43,2306,195579,12435228223,6696126573,17160008181348,0.0403,0.0000142
43,9403,2551400,12435228223,86175847807,17160008181348,0.0409,0.0000144
43,2807,41130,12435228223,1379310065,17160008181348,0.0411,0.0000145
43,8212,136960,12435228223,4533203072,17160008181348,0.0417,0.0000147
43,8708,12118124,12435228223,400488474972,17160008181348,0.0418,0.0000147
43,8483,1762990,12435228223,58234746349,17160008181348,0.0418,0.0000147
43,5102,16254,12435228223,531353252,17160008181348,0.0422,0.0000149
43,1514,195579,12435228223,6322536636,17160008181348,0.0427,0.0000150
43,8207,725923,12435228223,23405161126,17160008181348,0.0428,0.0000151
43,2834,41766,12435228223,1336383391,17160008181348,0.0431,0.0000152
43,2518,18713,12435228223,595807563,17160008181348,0.0433,0.0000153
43,7305,273110,12435228223,8686912439,17160008181348,0.0434,0.0000153
43,6402,1100811,12435228223,34116697645,17160008181348,0.0445,0.0000157
43,902,230467,12435228223,7118279534,17160008181348,0.0447,0.0000157
43,2801,41130,12435228223,1263536276,17160008181348,0.0449,0.0000158
43,2106,1392079,12435228223,42436485906,17160008181348,0.0453,0.0000159
43,6106,131842,12435228223,3984882601,17160008181348,0.0457,0.0000161
43,2846,41130,12435228223,1241776515,17160008181348,0.0457,0.0000161
43,8704,4549324,12435228223,135418960848,17160008181348,0.0464,0.0000163
43,1513,195579,12435228223,5815993659,17160008181348,0.0464,0.0000163
43,7102,4208740,12435228223,124343280501,17160008181348,0.0467,0.0000164
43,8452,190645,12435228223,5616645132,17160008181348,0.0468,0.0000165
43,8539,301122,12435228223,8851879382,17160008181348,0.0469,0.0000165
43,8464,95128,12435228223,2758281045,17160008181348,0.0476,0.0000168
43,8470,166256,12435228223,4813796907,17160008181348,0.0477,0.0000168
43,2526,35867,12435228223,1037344274,17160008181348,0.0477,0.0000168
43,8454,102527,12435228223,2936562718,17160008181348,0.0482,0.0000170
43,4415,133291,12435228223,3745455462,17160008181348,0.0491,0.0000173
43,2714,35867,12435228223,994013368,17160008181348,0.0498,0.0000175
43,8448,190645,12435228223,5269354278,17160008181348,0.0499,0.0000176
43,8417,174788,12435228223,4718096303,17160008181348,0.0511,0.0000180
43,8480,725923,12435228223,19014421749,17160008181348,0.0527,0.0000185
43,2502,2585,12435228223,67629984,17160008181348,0.0527,0.0000186
43,7321,392170,12435228223,10151539877,17160008181348,0.0533,0.0000188
43,303,960442,12435228223,24728754613,17160008181348,0.0536,0.0000189
43,304,960442,12435228223,24068386668,17160008181348,0.0551,0.0000194
43,2837,41130,12435228223,1015514716,17160008181348,0.0559,0.0000197
43,2006,25463,12435228223,628672887,17160008181348,0.0559,0.0000197
43,8716,1178893,12435228223,28912067216,17160008181348,0.0563,0.0000198
43,8450,552228,12435228223,13476971737,17160008181348,0.0565,0.0000199
43,306,1003505,12435228223,24057805067,17160008181348,0.0576,0.0000203
43,8477,1183977,12435228223,27757880126,17160008181348,0.0589,0.0000207
43,8457,523471,12435228223,12065780365,17160008181348,0.0599,0.0000211
43,8445,190645,12435228223,4372500733,17160008181348,0.0602,0.0000212
43,7113,4172873,12435228223,94407397284,17160008181348,0.0610,0.0000215
43,8531,746135,12435228223,16838617147,17160008181348,0.0611,0.0000215
43,2840,41130,12435228223,925880483,17160008181348,0.0613,0.0000216
43,1905,1557438,12435228223,35017647235,17160008181348,0.0614,0.0000216
43,7404,964920,12435228223,21679304299,17160008181348,0.0614,0.0000216
43,8433,936579,12435228223,20946509578,17160008181348,0.0617,0.0000217
43,2805,41130,12435228223,915608468,17160008181348,0.0620,0.0000218
43,302,1003505,12435228223,22048636452,17160008181348,0.0628,0.0000221
43,9505,332649,12435228223,7298556835,17160008181348,0.0629,0.0000221
43,5208,590193,12435228223,12788951761,17160008181348,0.0637,0.0000224
43,3210,39348,12435228223,851747507,17160008181348,0.0637,0.0000224
43,7904,12515,12435228223,270245630,17160008181348,0.0639,0.0000225
43,7019,590193,12435228223,12616712935,17160008181348,0.0646,0.0000227
43,7319,16854,12435228223,359736511,17160008181348,0.0647,0.0000228
43,7326,2403048,12435228223,50803505120,17160008181348,0.0653,0.0000230
43,2847,41130,12435228223,867186505,17160008181348,0.0655,0.0000230
43,4817,48002,12435228223,1011614168,17160008181348,0.0655,0.0000231
43,3401,327083,12435228223,6791813796,17160008181348,0.0665,0.0000234
43,4202,3243728,12435228223,64770376267,17160008181348,0.0691,0.0000243
43,106,59317,12435228223,1182608508,17160008181348,0.0692,0.0000244
43,4803,215030,12435228223,4268022910,17160008181348,0.0695,0.0000245
43,8211,136960,12435228223,2674990347,17160008181348,0.0707,0.0000249
43,8215,136960,12435228223,2610267446,17160008181348,0.0724,0.0000255
43,3213,39348,12435228223,749914558,17160008181348,0.0724,0.0000255
43,6814,15659,12435228223,296181185,17160008181348,0.0730,0.0000257
43,1605,960442,12435228223,18120069991,17160008181348,0.0731,0.0000258
43,8482,1762990,12435228223,33254759906,17160008181348,0.0732,0.0000258
43,9001,1581369,12435228223,29582975606,17160008181348,0.0738,0.0000260
43,903,10572,12435228223,196687602,17160008181348,0.0742,0.0000261
43,9608,332649,12435228223,6187328607,17160008181348,0.0742,0.0000261
43,1516,195579,12435228223,3603752085,17160008181348,0.0749,0.0000264
43,3306,297603,12435228223,5477989497,17160008181348,0.0750,0.0000264
43,9102,1351653,12435228223,24756346572,17160008181348,0.0753,0.0000265
43,2812,41130,12435228223,753018359,17160008181348,0.0754,0.0000265
43,1515,230099,12435228223,4187900201,17160008181348,0.0758,0.0000267
43,2205,30139,12435228223,539886829,17160008181348,0.0770,0.0000271
43,8544,7213287,12435228223,128190728883,17160008181348,0.0776,0.0000273
43,1604,960442,12435228223,16951589182,17160008181348,0.0782,0.0000275
43,7308,2764546,12435228223,47967234739,17160008181348,0.0795,0.0000280
43,7112,964920,12435228223,16666309822,17160008181348,0.0799,0.0000281
43,2850,41130,12435228223,709160172,17160008181348,0.0800,0.0000282
43,5609,37118,12435228223,630068496,17160008181348,0.0813,0.0000286
43,5503,482014,12435228223,8106370599,17160008181348,0.0821,0.0000289
43,8515,720898,12435228223,12047344789,17160008181348,0.0826,0.0000291
43,2201,243457,12435228223,4065049504,17160008181348,0.0826,0.0000291
43,6208,131842,12435228223,2194116023,17160008181348,0.0829,0.0000292
43,6309,247802,12435228223,4121645824,17160008181348,0.0830,0.0000292
43,2839,41130,12435228223,681501389,17160008181348,0.0833,0.0000293
43,2504,35867,12435228223,593284754,17160008181348,0.0834,0.0000294
43,2829,41130,12435228223,678136568,17160008181348,0.0837,0.0000295
43,8462,618599,12435228223,10163215488,17160008181348,0.0840,0.0000296
43,5205,794892,12435228223,12960619217,17160008181348,0.0846,0.0000298
43,7215,193404,12435228223,3111654865,17160008181348,0.0858,0.0000302
43,8451,552228,12435228223,8825902475,17160008181348,0.0863,0.0000304
43,2828,41130,12435228223,654378608,17160008181348,0.0867,0.0000305
43,8548,720898,12435228223,11452169710,17160008181348,0.0869,0.0000306
43,8437,134212,12435228223,2126535135,17160008181348,0.0871,0.0000307
43,8424,1266287,12435228223,19942979280,17160008181348,0.0876,0.0000309
43,2825,350882,12435228223,5465120951,17160008181348,0.0886,0.0000312
43,8458,523471,12435228223,8152440893,17160008181348,0.0886,0.0000312
43,8545,720898,12435228223,11183271667,17160008181348,0.0890,0.0000313
43,6310,37118,12435228223,566056093,17160008181348,0.0905,0.0000319
43,8479,8411695,12435228223,126235430625,17160008181348,0.0920,0.0000324
43,8447,190645,12435228223,2854314799,17160008181348,0.0922,0.0000325
43,8478,134212,12435228223,2003940551,17160008181348,0.0924,0.0000325
43,8541,6576628,12435228223,97687206571,17160008181348,0.0929,0.0000327
43,6102,247802,12435228223,3671216292,17160008181348,0.0931,0.0000328
43,5402,1276906,12435228223,18801693929,17160008181348,0.0937,0.0000330
43,2937,1078911,12435228223,15759572501,17160008181348,0.0945,0.0000333
43,8706,269956,12435228223,3904904194,17160008181348,0.0954,0.0000336
43,7602,964920,12435228223,13692239480,17160008181348,0.0972,0.0000342
43,8533,720898,12435228223,10178667786,17160008181348,0.0977,0.0000344
43,8456,523471,12435228223,7346883897,17160008181348,0.0983,0.0000346
43,6809,146956,12435228223,2048159379,17160008181348,0.0990,0.0000349
43,9006,208853,12435228223,2850508125,17160008181348,0.1011,0.0000356
43,2832,41130,12435228223,554260005,17160008181348,0.1024,0.0000361
43,2830,41130,12435228223,552439828,17160008181348,0.1027,0.0000362
43,1006,1869796,12435228223,24222113392,17160008181348,0.1065,0.0000375
43,8423,329708,12435228223,4267858023,17160008181348,0.1066,0.0000375
43,7208,4068869,12435228223,52520981363,17160008181348,0.1069,0.0000376
43,7210,4068869,12435228223,52344994837,17160008181348,0.1073,0.0000378
43,7601,4388093,12435228223,55696174597,17160008181348,0.1087,0.0000383
43,1201,4516468,12435228223,56571042495,17160008181348,0.1102,0.0000388
43,9011,208853,12435228223,2572545670,17160008181348,0.1120,0.0000394
43,2621,35867,12435228223,440763399,17160008181348,0.1123,0.0000395
43,9701,1710505,12435228223,21015392583,17160008181348,0.1123,0.0000395
43,7313,16854,12435228223,206159609,17160008181348,0.1128,0.0000397
43,8484,329708,12435228223,3996905813,17160008181348,0.1138,0.0000401
43,3006,1244690,12435228223,15044673555,17160008181348,0.1142,0.0000402
43,8443,4534073,12435228223,54142679507,17160008181348,0.1156,0.0000407
43,6901,19611,12435228223,233932454,17160008181348,0.1157,0.0000407
43,5209,590193,12435228223,6958975345,17160008181348,0.1170,0.0000412
43,203,2324359,12435228223,27304795457,17160008181348,0.1175,0.0000414
43,4816,48002,12435228223,557053206,17160008181348,0.1189,0.0000419
43,8446,190645,12435228223,2202738721,17160008181348,0.1194,0.0000421
43,8510,361583,12435228223,4157745698,17160008181348,0.1200,0.0000423
43,3925,1025896,12435228223,11675500247,17160008181348,0.1213,0.0000427
43,2810,41130,12435228223,462437268,17160008181348,0.1227,0.0000432
43,2506,54580,12435228223,605091939,17160008181348,0.1245,0.0000438
43,6101,247802,12435228223,2736725237,17160008181348,0.1250,0.0000440
43,8429,4279368,12435228223,46968499817,17160008181348,0.1257,0.0000443
43,3918,853310,12435228223,9309995661,17160008181348,0.1265,0.0000445
43,8411,11980215,12435228223,130566015524,17160008181348,0.1266,0.0000446
43,1902,882870,12435228223,9555421985,17160008181348,0.1275,0.0000449
43,6001,481857,12435228223,5194745994,17160008181348,0.1280,0.0000451
43,6704,332649,12435228223,3575463422,17160008181348,0.1284,0.0000452
43,8513,301122,12435228223,3191806357,17160008181348,0.1302,0.0000458
43,2941,1078911,12435228223,11423461131,17160008181348,0.1303,0.0000459
43,8512,3150259,12435228223,33322664497,17160008181348,0.1305,0.0000459
43,2845,41130,12435228223,433189458,17160008181348,0.1310,0.0000461
43,9101,1351653,12435228223,14180652824,17160008181348,0.1315,0.0000463
43,2517,311984,12435228223,3271966008,17160008181348,0.1316,0.0000463
43,8701,5485903,12435228223,57247606084,17160008181348,0.1322,0.0000466
43,2513,35867,12435228223,371209332,17160008181348,0.1333,0.0000469
43,8472,440441,12435228223,4533326440,17160008181348,0.1341,0.0000472
43,810,1672011,12435228223,17148499030,17160008181348,0.1345,0.0000474
43,307,1019759,12435228223,10367182274,17160008181348,0.1357,0.0000478
43,9019,1226428,12435228223,12435608478,17160008181348,0.1361,0.0000479
43,1302,670995,12435228223,6801515494,17160008181348,0.1361,0.0000479
43,8205,725923,12435228223,7349876343,17160008181348,0.1363,0.0000480
43,4806,215030,12435228223,2148511127,17160008181348,0.1381,0.0000486
43,6812,15659,12435228223,156423527,17160008181348,0.1381,0.0000486
43,4707,964920,12435228223,9623552253,17160008181348,0.1384,0.0000487
43,4407,3557738,12435228223,35374728714,17160008181348,0.1388,0.0000489
43,1504,195579,12435228223,1943882383,17160008181348,0.1388,0.0000489
43,6702,332649,12435228223,3302489324,17160008181348,0.1390,0.0000489
43,201,2324359,12435228223,22888564649,17160008181348,0.1401,0.0000493
43,8460,523471,12435228223,5138839707,17160008181348,0.1406,0.0000495
43,202,2324359,12435228223,22653933708,17160008181348,0.1416,0.0000499
43,6207,131842,12435228223,1280371069,17160008181348,0.1421,0.0000500
43,1401,19485,12435228223,184008434,17160008181348,0.1461,0.0000515
43,9023,332649,12435228223,3140507591,17160008181348,0.1462,0.0000515
43,2501,360082,12435228223,3358597649,17160008181348,0.1479,0.0000521
43,8209,725923,12435228223,6731585400,17160008181348,0.1488,0.0000524
43,3406,332649,12435228223,3049959284,17160008181348,0.1505,0.0000530
43,3901,8875882,12435228223,80838583196,17160008181348,0.1515,0.0000533
43,1001,4516468,12435228223,40694645912,17160008181348,0.1532,0.0000539
43,2524,35867,12435228223,321142479,17160008181348,0.1541,0.0000543
43,7322,392170,12435228223,3501721412,17160008181348,0.1545,0.0000544
43,2936,1078911,12435228223,9614234263,17160008181348,0.1549,0.0000545
43,8427,2194810,12435228223,19557413242,17160008181348,0.1549,0.0000545
43,9607,332649,12435228223,2937582576,17160008181348,0.1563,0.0000550
43,1901,2544426,12435228223,22162678087,17160008181348,0.1584,0.0000558
43,4822,51112,12435228223,444944487,17160008181348,0.1585,0.0000558
43,8432,936579,12435228223,8146261549,17160008181348,0.1587,0.0000559
43,8431,6474178,12435228223,56226244386,17160008181348,0.1589,0.0000559
43,2935,1078911,12435228223,9202472810,17160008181348,0.1618,0.0000570
43,6801,118132,12435228223,1005209618,17160008181348,0.1622,0.0000571
43,2620,964920,12435228223,8163220023,17160008181348,0.1631,0.0000574
43,6601,332649,12435228223,2795063462,17160008181348,0.1642,0.0000578
43,2509,18713,12435228223,153710144,17160008181348,0.1680,0.0000592
43,7225,4068869,12435228223,33382452958,17160008181348,0.1682,0.0000592
43,8436,936579,12435228223,7648515255,17160008181348,0.1690,0.0000595
43,7606,4388093,12435228223,35006856872,17160008181348,0.1730,0.0000609
43,8536,12175533,12435228223,97104330532,17160008181348,0.1730,0.0000609
43,7204,5033789,12435228223,40013024745,17160008181348,0.1736,0.0000611
43,9004,1226428,12435228223,9583237077,17160008181348,0.1766,0.0000622
43,7202,4068869,12435228223,31771303173,17160008181348,0.1767,0.0000622
43,1211,403429,12435228223,3140308482,17160008181348,0.1773,0.0000624
43,7219,4068869,12435228223,31654734930,17160008181348,0.1774,0.0000625
43,1208,195579,12435228223,1517809859,17160008181348,0.1778,0.0000626
43,7010,1344313,12435228223,10383850131,17160008181348,0.1787,0.0000629
43,4813,266142,12435228223,2038266136,17160008181348,0.1802,0.0000634
43,4819,3130319,12435228223,23720725933,17160008181348,0.1821,0.0000641
43,2508,296325,12435228223,2242993460,17160008181348,0.1823,0.0000642
43,8105,964920,12435228223,7205737311,17160008181348,0.1848,0.0000651
43,9617,332649,12435228223,2476523322,17160008181348,0.1854,0.0000653
43,5509,794892,12435228223,5866341057,17160008181348,0.1870,0.0000658
43,2831,41130,12435228223,302693072,17160008181348,0.1875,0.0000660
43,7616,2419902,12435228223,17695858122,17160008181348,0.1887,0.0000664
43,1005,4516468,12435228223,32737299858,17160008181348,0.1904,0.0000670
43,2806,41130,12435228223,294554117,17160008181348,0.1927,0.0000678
43,7207,4068869,12435228223,28980380645,17160008181348,0.1937,0.0000682
43,5516,590193,12435228223,4187528095,17160008181348,0.1945,0.0000685
43,8511,2846022,12435228223,20067534233,17160008181348,0.1957,0.0000689
43,3907,8875882,12435228223,62015057163,17160008181348,0.1975,0.0000695
43,4416,133291,12435228223,925518633,17160008181348,0.1987,0.0000700
43,5515,590193,12435228223,4087221242,17160008181348,0.1993,0.0000702
43,8214,136960,12435228223,948189813,17160008181348,0.1993,0.0000702
43,2525,35867,12435228223,247799389,17160008181348,0.1997,0.0000703
43,9507,455392,12435228223,3132184631,17160008181348,0.2006,0.0000706
43,3706,2121,12435228223,14394756,17160008181348,0.2033,0.0000716
43,5211,590193,12435228223,3959903580,17160008181348,0.2057,0.0000724
43,305,960442,12435228223,6390466665,17160008181348,0.2074,0.0000730
43,2505,296325,12435228223,1961224486,17160008181348,0.2085,0.0000734
43,8426,2194810,12435228223,14095349489,17160008181348,0.2149,0.0000757
43,8453,190645,12435228223,1215928317,17160008181348,0.2164,0.0000762
43,8108,964920,12435228223,6152805066,17160008181348,0.2164,0.0000762
43,9005,208853,12435228223,1330099928,17160008181348,0.2167,0.0000763
43,6906,21491,12435228223,135186670,17160008181348,0.2194,0.0000772
43,8534,6577003,12435228223,41313865812,17160008181348,0.2197,0.0000774
43,3211,39348,12435228223,245073006,17160008181348,0.2216,0.0000780
43,407,687249,12435228223,4259983360,17160008181348,0.2226,0.0000784
43,9401,13093545,12435228223,81141084774,17160008181348,0.2227,0.0000784
43,6211,2002439,12435228223,12365224606,17160008181348,0.2235,0.0000787
43,3302,3902278,12435228223,23890685013,17160008181348,0.2254,0.0000794
43,8202,725923,12435228223,4400378649,17160008181348,0.2276,0.0000802
43,8413,10944664,12435228223,65857832544,17160008181348,0.2293,0.0000807
43,2507,296325,12435228223,1742909124,17160008181348,0.2346,0.0000826
43,8459,618599,12435228223,3622376619,17160008181348,0.2357,0.0000830
43,8547,1108395,12435228223,6457744797,17160008181348,0.2369,0.0000834
43,5504,482014,12435228223,2803168096,17160008181348,0.2373,0.0000835
43,6405,645419,12435228223,3702200255,17160008181348,0.2406,0.0000847
43,8444,190645,12435228223,1088744021,17160008181348,0.2416,0.0000851
43,8213,136960,12435228223,781660211,17160008181348,0.2418,0.0000851
43,2813,41130,12435228223,230352254,17160008181348,0.2464,0.0000868
43,8537,12002947,12435228223,66357881885,17160008181348,0.2496,0.0000879
43,8409,11980215,12435228223,66078230583,17160008181348,0.2502,0.0000881
43,8476,329708,12435228223,1786592536,17160008181348,0.2547,0.0000897
43,7415,207890,12435228223,1122238076,17160008181348,0.2556,0.0000900
43,2817,309752,12435228223,1631190984,17160008181348,0.2620,0.0000923
43,4809,215030,12435228223,1118805898,17160008181348,0.2652,0.0000934
43,9613,332649,12435228223,1724799860,17160008181348,0.2661,0.0000937
43,9020,332649,12435228223,1721693756,17160008181348,0.2666,0.0000939
43,5512,590193,12435228223,3036855192,17160008181348,0.2682,0.0000944
43,2816,41130,12435228223,211000615,17160008181348,0.2690,0.0000947
43,2512,35867,12435228223,183440495,17160008181348,0.2698,0.0000950
43,3902,8875882,12435228223,45216069113,17160008181348,0.2709,0.0000954
43,6210,2002439,12435228223,10142442274,17160008181348,0.2724,0.0000959
43,8461,523471,12435228223,2649441406,17160008181348,0.2726,0.0000960
43,9606,332649,12435228223,1677816340,17160008181348,0.2736,0.0000963
43,8428,6474178,12435228223,32394995925,17160008181348,0.2758,0.0000971
43,7323,2403048,12435228223,11963908691,17160008181348,0.2772,0.0000976
43,8414,14658360,12435228223,72697490485,17160008181348,0.2782,0.0000980
43,2802,41130,12435228223,201308965,17160008181348,0.2819,0.0000993
43,9609,332649,12435228223,1598183899,17160008181348,0.2872,0.0001011
43,3922,853310,12435228223,4062887551,17160008181348,0.2898,0.0001020
43,6803,118132,12435228223,561171147,17160008181348,0.2905,0.0001023
43,2104,674630,12435228223,3190316558,17160008181348,0.2918,0.0001027
43,7610,2764546,12435228223,12961129239,17160008181348,0.2943,0.0001036
43,9003,1226428,12435228223,5740976223,17160008181348,0.2948,0.0001038
43,904,763511,12435228223,3497748458,17160008181348,0.3012,0.0001061
43,1209,1674567,12435228223,7662536199,17160008181348,0.3016,0.0001062
43,8449,190645,12435228223,866934532,17160008181348,0.3035,0.0001069
43,8420,329708,12435228223,1491793330,17160008181348,0.3050,0.0001074
43,6302,4352059,12435228223,19690982580,17160008181348,0.3050,0.0001074
43,8466,4521586,12435228223,20408843507,17160008181348,0.3057,0.0001076
43,9612,332649,12435228223,1477340602,17160008181348,0.3107,0.0001094
43,5513,590193,12435228223,2619422530,17160008181348,0.3109,0.0001095
43,2514,18713,12435228223,83048427,17160008181348,0.3109,0.0001095
43,2822,309752,12435228223,1342754957,17160008181348,0.3183,0.0001121
43,6701,25982,12435228223,112025073,17160008181348,0.3201,0.0001127
43,8421,15580728,12435228223,66867538745,17160008181348,0.3215,0.0001132
43,3203,309752,12435228223,1327071522,17160008181348,0.3221,0.0001134
43,8208,725923,12435228223,3099766827,17160008181348,0.3232,0.0001138
43,8407,12250171,12435228223,52236882396,17160008181348,0.3236,0.0001139
43,5514,590193,12435228223,2503663807,17160008181348,0.3253,0.0001145
43,8408,11589873,12435228223,49137584236,17160008181348,0.3255,0.0001146
43,7214,4068869,12435228223,17246781010,17160008181348,0.3256,0.0001146
43,8463,523471,12435228223,2193319643,17160008181348,0.3293,0.0001160
43,4403,3848680,12435228223,16115071061,17160008181348,0.3296,0.0001160
43,3923,12819098,12435228223,53650378664,17160008181348,0.3297,0.0001161
43,7209,4068869,12435228223,16862693521,17160008181348,0.3330,0.0001172
43,9007,208853,12435228223,859008864,17160008181348,0.3355,0.0001181
43,3822,6234422,12435228223,25584569103,17160008181348,0.3363,0.0001184
43,8204,725923,12435228223,2957662395,17160008181348,0.3387,0.0001193
43,5112,590193,12435228223,2404417407,17160008181348,0.3387,0.0001193
43,5502,482014,12435228223,1949684855,17160008181348,0.3412,0.0001201
43,7604,4388093,12435228223,17651614526,17160008181348,0.3430,0.0001208
43,9404,4353134,12435228223,16993378504,17160008181348,0.3535,0.0001245
43,1404,215064,12435228223,836256530,17160008181348,0.3549,0.0001250
43,8519,305991,12435228223,1170198667,17160008181348,0.3608,0.0001271
43,2818,4444882,12435228223,16950765443,17160008181348,0.3619,0.0001274
43,5801,590193,12435228223,2250399952,17160008181348,0.3619,0.0001274
43,1802,25463,12435228223,97049273,17160008181348,0.3621,0.0001275
43,4812,51112,12435228223,193442677,17160008181348,0.3646,0.0001284
43,7228,4262273,12435228223,16125617404,17160008181348,0.3647,0.0001284
43,4807,215030,12435228223,808157147,17160008181348,0.3672,0.0001293
43,2102,670995,12435228223,2471641471,17160008181348,0.3746,0.0001319
43,3001,1078911,12435228223,3943180802,17160008181348,0.3776,0.0001329
43,8530,720898,12435228223,2622217918,17160008181348,0.3794,0.0001336
43,508,43063,12435228223,156190245,17160008181348,0.3805,0.0001340
43,6111,2002439,12435228223,7153242994,17160008181348,0.3863,0.0001360
43,3915,964920,12435228223,3375211308,17160008181348,0.3945,0.0001389
43,6114,2002439,12435228223,6962893048,17160008181348,0.3969,0.0001397
43,8415,13699735,12435228223,46662376705,17160008181348,0.4051,0.0001427
43,910,763511,12435228223,2591072495,17160008181348,0.4066,0.0001432
43,1904,1869796,12435228223,6342715965,17160008181348,0.4068,0.0001432
43,7216,4262273,12435228223,14337681641,17160008181348,0.4102,0.0001444
43,5210,590193,12435228223,1974148161,17160008181348,0.4126,0.0001453
43,1903,34520,12435228223,114949434,17160008181348,0.4144,0.0001459
43,8425,2194810,12435228223,7114821746,17160008181348,0.4257,0.0001499
43,9402,1226428,12435228223,3951010837,17160008181348,0.4283,0.0001508
43,206,2324359,12435228223,7479295056,17160008181348,0.4289,0.0001510
43,8418,14061318,12435228223,44819754985,17160008181348,0.4329,0.0001524
43,7213,4068869,12435228223,12902851589,17160008181348,0.4352,0.0001532
43,8468,329708,12435228223,1038722365,17160008181348,0.4380,0.0001542
43,1510,195579,12435228223,614468548,17160008181348,0.4392,0.0001547
43,3815,6234422,12435228223,19547712046,17160008181348,0.4401,0.0001550
43,2821,309752,12435228223,967649899,17160008181348,0.4417,0.0001555
43,8203,725923,12435228223,2224260805,17160008181348,0.4504,0.0001586
43,5404,482014,12435228223,1466894211,17160008181348,0.4534,0.0001597
43,8435,134212,12435228223,407306301,17160008181348,0.4547,0.0001601
43,7325,2403048,12435228223,7278014631,17160008181348,0.4556,0.0001604
43,204,2324359,12435228223,7008397005,17160008181348,0.4577,0.0001611
43,7607,4388093,12435228223,13044734491,17160008181348,0.4642,0.0001634
43,2823,309752,12435228223,908604851,17160008181348,0.4704,0.0001656
43,8538,12002947,12435228223,34779451212,17160008181348,0.4762,0.0001677
43,7315,1779844,12435228223,5146452780,17160008181348,0.4772,0.0001680
43,8505,3125966,12435228223,8851573917,17160008181348,0.4873,0.0001716
43,1602,5841774,12435228223,16274436099,17160008181348,0.4953,0.0001744
43,5309,590193,12435228223,1611113326,17160008181348,0.5055,0.0001780
43,3903,8875882,12435228223,24059586399,17160008181348,0.5091,0.0001792
43,6505,2002439,12435228223,5415369739,17160008181348,0.5103,0.0001797
43,9602,332649,12435228223,899142437,17160008181348,0.5105,0.0001798
43,4104,6659666,12435228223,17770043871,17160008181348,0.5172,0.0001821
43,5501,482014,12435228223,1282341138,17160008181348,0.5187,0.0001826
43,3926,28961964,12435228223,76532929698,17160008181348,0.5222,0.0001839
43,9703,1710505,12435228223,4517010652,17160008181348,0.5226,0.0001840
43,4203,2801217,12435228223,7321469471,17160008181348,0.5280,0.0001859
43,7020,1344313,12435228223,3497873231,17160008181348,0.5303,0.0001867
43,5105,794892,12435228223,2059640080,17160008181348,0.5326,0.0001875
43,4421,2583578,12435228223,6693081562,17160008181348,0.5327,0.0001876
43,8430,4279368,12435228223,11001798218,17160008181348,0.5368,0.0001890
43,6307,5578487,12435228223,14155689306,17160008181348,0.5438,0.0001915
43,5408,590193,12435228223,1493412507,17160008181348,0.5454,0.0001920
43,1101,1869796,12435228223,4649449744,17160008181348,0.5550,0.0001954
43,6112,2002439,12435228223,4849838876,17160008181348,0.5698,0.0002006
43,6116,2002439,12435228223,4845627007,17160008181348,0.5703,0.0002008
43,2008,6909805,12435228223,16415732841,17160008181348,0.5809,0.0002045
43,6401,645419,12435228223,1524351519,17160008181348,0.5843,0.0002057
43,8481,38565459,12435228223,90623691650,17160008181348,0.5872,0.0002068
43,3818,6234422,12435228223,14485249903,17160008181348,0.5939,0.0002091
43,8201,725923,12435228223,1673766107,17160008181348,0.5985,0.0002107
43,7103,4208740,12435228223,9622963642,17160008181348,0.6035,0.0002125
43,504,2324359,12435228223,5304458850,17160008181348,0.6047,0.0002129
43,3202,309752,12435228223,690752109,17160008181348,0.6188,0.0002179
43,1205,4516468,12435228223,10057012499,17160008181348,0.6197,0.0002182
43,3904,8875882,12435228223,19516249120,17160008181348,0.6276,0.0002210
43,2923,1078911,12435228223,2305270590,17160008181348,0.6458,0.0002274
43,8405,329708,12435228223,703984638,17160008181348,0.6463,0.0002276
43,8412,11007920,12435228223,23273032550,17160008181348,0.6527,0.0002298
43,5206,794892,12435228223,1679052045,17160008181348,0.6533,0.0002300
43,3909,8875882,12435228223,18693079044,17160008181348,0.6552,0.0002307
43,3215,6273770,12435228223,13167476223,17160008181348,0.6575,0.0002315
43,9008,208853,12435228223,437268106,17160008181348,0.6591,0.0002321
43,803,6909805,12435228223,14212404208,17160008181348,0.6709,0.0002362
43,6214,2002439,12435228223,4117517444,17160008181348,0.6711,0.0002363
43,7615,2403048,12435228223,4939499460,17160008181348,0.6713,0.0002364
43,8112,964920,12435228223,1957466723,17160008181348,0.6802,0.0002395
43,4016,13571442,12435228223,27374336251,17160008181348,0.6841,0.0002409
43,5107,794892,12435228223,1597051579,17160008181348,0.6868,0.0002418
43,8419,19685240,12435228223,39472307865,17160008181348,0.6882,0.0002423
43,8474,8182355,12435228223,16322223895,17160008181348,0.6918,0.0002436
43,802,8581816,12435228223,17072194840,17160008181348,0.6937,0.0002442
43,5111,590193,12435228223,1172841836,17160008181348,0.6944,0.0002445
43,1508,195579,12435228223,388642537,17160008181348,0.6944,0.0002445
43,5007,590193,12435228223,1171587620,17160008181348,0.6952,0.0002448
43,5510,794892,12435228223,1558742092,17160008181348,0.7037,0.0002478
43,8434,1070791,12435228223,2092215108,17160008181348,0.7063,0.0002487
43,2209,360082,12435228223,701696598,17160008181348,0.7081,0.0002493
43,713,4516468,12435228223,8649937966,17160008181348,0.7205,0.0002537
43,3811,6234422,12435228223,11917068084,17160008181348,0.7219,0.0002542
43,3906,8875882,12435228223,16938104743,17160008181348,0.7231,0.0002546
43,804,6909805,12435228223,13182378159,17160008181348,0.7233,0.0002547
43,9610,332649,12435228223,627795160,17160008181348,0.7312,0.0002575
43,8104,964920,12435228223,1805732043,17160008181348,0.7374,0.0002596
43,905,763511,12435228223,1419511508,17160008181348,0.7422,0.0002613
43,3908,8875882,12435228223,16254789300,17160008181348,0.7535,0.0002653
43,8908,964920,12435228223,1707041421,17160008181348,0.7800,0.0002747
43,408,670995,12435228223,1180235332,17160008181348,0.7845,0.0002762
43,8502,11813070,12435228223,20523066698,17160008181348,0.7943,0.0002797
43,1506,195579,12435228223,337629572,17160008181348,0.7994,0.0002815
43,5903,7514760,12435228223,12895745285,17160008181348,0.8041,0.0002831
43,7117,3780776,12435228223,6402642826,17160008181348,0.8149,0.0002869
43,1210,403429,12435228223,681484187,17160008181348,0.8169,0.0002876
43,6703,332649,12435228223,552206627,17160008181348,0.8313,0.0002927
43,7419,2419902,12435228223,3986022439,17160008181348,0.8378,0.0002950
43,8206,725923,12435228223,1186266498,17160008181348,0.8444,0.0002973
43,9405,30607296,12435228223,49714042891,17160008181348,0.8496,0.0002991
43,3403,6234422,12435228223,10071396543,17160008181348,0.8542,0.0003008
43,9618,332649,12435228223,530641474,17160008181348,0.8651,0.0003046
43,2005,6913440,12435228223,10954867267,17160008181348,0.8709,0.0003066
43,6117,2002439,12435228223,3133875213,17160008181348,0.8817,0.0003105
43,1003,4516468,12435228223,7001264299,17160008181348,0.8902,0.0003134
43,1521,211833,12435228223,328099354,17160008181348,0.8909,0.0003137
43,102,6016580,12435228223,9295921407,17160008181348,0.8931,0.0003145
43,3301,3902278,12435228223,5912686335,17160008181348,0.9107,0.0003207
43,806,6909805,12435228223,10342581018,17160008181348,0.9219,0.0003246
43,5401,794892,12435228223,1183017306,17160008181348,0.9272,0.0003265
43,7222,4262273,12435228223,6304754282,17160008181348,0.9329,0.0003285
43,5601,1606162,12435228223,2361445436,17160008181348,0.9386,0.0003305
43,7002,1344210,12435228223,1973382433,17160008181348,0.9400,0.0003310
43,2819,309752,12435228223,448399068,17160008181348,0.9533,0.0003356
43,7403,42812636,12435228223,61018813631,17160008181348,0.9682,0.0003409
43,8308,2403048,12435228223,3423782945,17160008181348,0.9685,0.0003410
43,7227,4068869,12435228223,5721620582,17160008181348,0.9813,0.0003455
43,4401,7064529,12435228223,9822139047,17160008181348,0.9925,0.0003495
43,2820,309752,12435228223,423376575,17160008181348,1.0096,0.0003555
43,8307,2403048,12435228223,3256130792,17160008181348,1.0184,0.0003586
43,7324,2403048,12435228223,3175345664,17160008181348,1.0443,0.0003677
43,6217,2002439,12435228223,2636371498,17160008181348,1.0481,0.0003691
43,4409,3557738,12435228223,4680239130,17160008181348,1.0490,0.0003694
43,7201,4068869,12435228223,5310176732,17160008181348,1.0574,0.0003723
43,5101,3119251,12435228223,4049868569,17160008181348,1.0629,0.0003742
43,9114,1351653,12435228223,1739360908,17160008181348,1.0724,0.0003776
43,909,763511,12435228223,976158494,17160008181348,1.0793,0.0003800
43,2004,6909805,12435228223,8709485358,17160008181348,1.0948,0.0003855
43,8101,964920,12435228223,1155434803,17160008181348,1.1524,0.0004058
43,6305,4352059,12435228223,5191587190,17160008181348,1.1568,0.0004073
43,6209,2002439,12435228223,2337528697,17160008181348,1.1821,0.0004162
43,2938,1078911,12435228223,1248832600,17160008181348,1.1922,0.0004198
43,2302,1869796,12435228223,2063227680,17160008181348,1.2506,0.0004403
43,3201,309752,12435228223,340427905,17160008181348,1.2556,0.0004421
43,7018,1344210,12435228223,1476525894,17160008181348,1.2563,0.0004423
43,5212,590193,12435228223,647839898,17160008181348,1.2572,0.0004427
43,3707,6234422,12435228223,6809926663,17160008181348,1.2633,0.0004448
43,8475,3902987,12435228223,4227525637,17160008181348,1.2740,0.0004486
43,5810,1586167,12435228223,1715134374,17160008181348,1.2762,0.0004494
43,5403,1276906,12435228223,1376875539,17160008181348,1.2798,0.0004506
43,5301,794892,12435228223,844564800,17160008181348,1.2988,0.0004573
43,8546,2280019,12435228223,2419778240,17160008181348,1.3002,0.0004578
43,6303,4352059,12435228223,4613526868,17160008181348,1.3017,0.0004584
43,4011,73253651,12435228223,77285094544,17160008181348,1.3080,0.0004605
43,6304,4352059,12435228223,4586343755,17160008181348,1.3095,0.0004611
43,801,8581816,12435228223,8914435567,17160008181348,1.3285,0.0004678
43,8103,964920,12435228223,1002203496,17160008181348,1.3286,0.0004678
43,1207,4516468,12435228223,4636852962,17160008181348,1.3441,0.0004733
43,5804,1586167,12435228223,1607143363,17160008181348,1.3619,0.0004795
43,6306,4352059,12435228223,4396596472,17160008181348,1.3660,0.0004810
43,710,6909805,12435228223,6773829122,17160008181348,1.4077,0.0004956
43,7224,4068869,12435228223,3975428706,17160008181348,1.4124,0.0004973
43,9108,1351653,12435228223,1293731375,17160008181348,1.4417,0.0005076
43,6301,4713642,12435228223,4466272332,17160008181348,1.4564,0.0005128
43,8529,54561177,12435228223,51484128071,17160008181348,1.4624,0.0005149
43,3910,8875882,12435228223,8356868858,17160008181348,1.4657,0.0005161
43,908,763511,12435228223,715624684,17160008181348,1.4723,0.0005184
43,8306,2403048,12435228223,2243082087,17160008181348,1.4784,0.0005205
43,2301,6798581,12435228223,6310028643,17160008181348,1.4868,0.0005235
43,9111,1351653,12435228223,1242501778,17160008181348,1.5012,0.0005286
43,3606,332649,12435228223,305139068,17160008181348,1.5044,0.0005297
43,9611,332649,12435228223,303317783,17160008181348,1.5134,0.0005329
43,4205,3243728,12435228223,2931454443,17160008181348,1.5270,0.0005376
43,7503,964920,12435228223,870027560,17160008181348,1.5305,0.0005389
43,7203,4068869,12435228223,3665871828,17160008181348,1.5317,0.0005393
43,7115,4172873,12435228223,3756826403,17160008181348,1.5328,0.0005397
43,2940,1078911,12435228223,963002856,17160008181348,1.5460,0.0005444
43,1206,4516468,12435228223,4015831909,17160008181348,1.5520,0.0005465
43,1104,1869796,12435228223,1657514997,17160008181348,1.5567,0.0005481
43,9105,1351653,12435228223,1194856126,17160008181348,1.5610,0.0005496
43,5106,794892,12435228223,698570878,17160008181348,1.5702,0.0005529
43,1601,5838139,12435228223,5117509781,17160008181348,1.5743,0.0005543
43,4420,2250929,12435228223,1950893168,17160008181348,1.5922,0.0005606
43,7605,4388093,12435228223,3795739454,17160008181348,1.5953,0.0005617
43,5508,794892,12435228223,687018043,17160008181348,1.5966,0.0005622
43,7302,4068869,12435228223,3480058076,17160008181348,1.6134,0.0005681
43,906,763511,12435228223,645223860,17160008181348,1.6329,0.0005750
43,9027,54630295,12435228223,44727934526,17160008181348,1.6855,0.0005935
43,2618,964920,12435228223,785803443,17160008181348,1.6945,0.0005966
43,9616,1918816,12435228223,1559330055,17160008181348,1.6981,0.0005979
43,3205,309752,12435228223,251375572,17160008181348,1.7004,0.0005987
43,4009,13571442,12435228223,10929577090,17160008181348,1.7135,0.0006033
43,210,5838139,12435228223,4681089098,17160008181348,1.7210,0.0006060
43,7017,1344210,12435228223,1072944312,17160008181348,1.7288,0.0006087
43,9031,58533282,12435228223,46624288278,17160008181348,1.7324,0.0006100
43,5108,794892,12435228223,627518486,17160008181348,1.7480,0.0006155
43,8102,964920,12435228223,756975173,17160008181348,1.7590,0.0006194
43,712,6909805,12435228223,5418045424,17160008181348,1.7599,0.0006197
43,7508,2403048,12435228223,1877094942,17160008181348,1.7666,0.0006220
43,7016,1344210,12435228223,1042684490,17160008181348,1.7790,0.0006264
43,8709,2194810,12435228223,1702228640,17160008181348,1.7793,0.0006265
43,3812,6234422,12435228223,4808080703,17160008181348,1.7893,0.0006300
43,5602,1586167,12435228223,1216482995,17160008181348,1.7993,0.0006335
43,3809,6234422,12435228223,4750699757,17160008181348,1.8109,0.0006376
43,3911,8875882,12435228223,6758357252,17160008181348,1.8123,0.0006381
43,8401,3944117,12435228223,2963000477,17160008181348,1.8369,0.0006468
43,7902,964920,12435228223,721707358,17160008181348,1.8450,0.0006496
43,3701,6234422,12435228223,4660435291,17160008181348,1.8460,0.0006500
43,4602,2250929,12435228223,1673235032,17160008181348,1.8564,0.0006536
43,3919,28961964,12435228223,21069014810,17160008181348,1.8969,0.0006679
43,7211,7141078,12435228223,5176945741,17160008181348,1.9035,0.0006702
43,5305,794892,12435228223,569125559,17160008181348,1.9274,0.0006786
43,7220,7141078,12435228223,5062686494,17160008181348,1.9465,0.0006854
43,5911,7514760,12435228223,5214134509,17160008181348,1.9888,0.0007003
43,7218,4068869,12435228223,2769086894,17160008181348,2.0277,0.0007140
43,7802,964920,12435228223,655631555,17160008181348,2.0309,0.0007151
43,811,6909805,12435228223,4625344391,17160008181348,2.0615,0.0007259
43,8535,12723845,12435228223,8448632427,17160008181348,2.0782,0.0007318
43,5311,590193,12435228223,390380001,17160008181348,2.0863,0.0007346
43,9032,54421442,12435228223,35035352744,17160008181348,2.1435,0.0007547
43,907,763511,12435228223,491138523,17160008181348,2.1452,0.0007553
43,7907,2403048,12435228223,1538888308,17160008181348,2.1549,0.0007587
43,3924,28961964,12435228223,18402165963,17160008181348,2.1718,0.0007647
43,4808,3345349,12435228223,2120557422,17160008181348,2.1770,0.0007665
43,3912,8875882,12435228223,5617379756,17160008181348,2.1804,0.0007677
43,7212,7141078,12435228223,4512271416,17160008181348,2.1839,0.0007690
43,4419,2250929,12435228223,1405442984,17160008181348,2.2101,0.0007782
43,1522,195579,12435228223,120859825,17160008181348,2.2331,0.0007863
43,2002,6909805,12435228223,4244592939,17160008181348,2.2464,0.0007910
43,6602,332649,12435228223,203385125,17160008181348,2.2570,0.0007947
43,7205,4068869,12435228223,2356981766,17160008181348,2.3822,0.0008388
43,4905,354721,12435228223,203111187,17160008181348,2.4100,0.0008486
43,1103,1869796,12435228223,1062573366,17160008181348,2.4283,0.0008550
43,5307,794892,12435228223,450641618,17160008181348,2.4341,0.0008571
43,6113,2002439,12435228223,1131862584,17160008181348,2.4413,0.0008596
43,5806,7514760,12435228223,4223078724,17160008181348,2.4556,0.0008646
43,5306,794892,12435228223,443471177,17160008181348,2.4735,0.0008709
43,4015,13571442,12435228223,7569677884,17160008181348,2.4741,0.0008711
43,2824,309752,12435228223,171034167,17160008181348,2.4992,0.0008800
43,3905,8875882,12435228223,4834990177,17160008181348,2.5333,0.0008920
43,6216,2002439,12435228223,1081555872,17160008181348,2.5549,0.0008996
43,1102,1869796,12435228223,1000324549,17160008181348,2.5794,0.0009082
43,2619,964920,12435228223,514342652,17160008181348,2.5888,0.0009115
43,1502,2324359,12435228223,1230111972,17160008181348,2.6075,0.0009181
43,7608,4388093,12435228223,2306714358,17160008181348,2.6251,0.0009243
43,7301,4068869,12435228223,2136983165,17160008181348,2.6275,0.0009251
43,5002,794892,12435228223,412755924,17160008181348,2.6575,0.0009357
43,7226,7141078,12435228223,3704185373,17160008181348,2.6603,0.0009367
43,5511,794892,12435228223,410203103,17160008181348,2.6741,0.0009416
43,4201,3243728,12435228223,1648918019,17160008181348,2.7146,0.0009558
43,7221,4068869,12435228223,2052546956,17160008181348,2.7355,0.0009632
43,2933,158902230,12435228223,79319794836,17160008181348,2.7645,0.0009734
43,1212,2121059,12435228223,1044899155,17160008181348,2.8012,0.0009863
43,8303,2403048,12435228223,1153983236,17160008181348,2.8736,0.0010118
43,2007,6913440,12435228223,3306157685,17160008181348,2.8856,0.0010160
43,8109,964920,12435228223,457148983,17160008181348,2.9127,0.0010256
43,1518,6234422,12435228223,2951051063,17160008181348,2.9153,0.0010265
43,3920,123946349,12435228223,58320021980,17160008181348,2.9328,0.0010326
43,7408,42812636,12435228223,19938287429,17160008181348,2.9631,0.0010433
43,4005,13571442,12435228223,6245650503,17160008181348,2.9986,0.0010558
43,9030,54421442,12435228223,24957928648,17160008181348,3.0090,0.0010595
43,7014,1344210,12435228223,612551608,17160008181348,3.0282,0.0010663
43,7104,4214003,12435228223,1907414742,17160008181348,3.0487,0.0010735
43,9601,332649,12435228223,147677427,17160008181348,3.1084,0.0010945
43,5109,794892,12435228223,352832316,17160008181348,3.1089,0.0010947
43,5506,794892,12435228223,352593390,17160008181348,3.1110,0.0010954
43,4010,13571442,12435228223,5983772937,17160008181348,3.1298,0.0011020
43,3504,6234422,12435228223,2731576949,17160008181348,3.1495,0.0011090
43,9307,136960,12435228223,59867525,17160008181348,3.1569,0.0011116
43,9508,3902987,12435228223,1684531384,17160008181348,3.1973,0.0011258
43,8406,11319917,12435228223,4799525870,17160008181348,3.2547,0.0011460
43,1503,195579,12435228223,82014785,17160008181348,3.2907,0.0011587
43,9026,54421442,12435228223,22772464607,17160008181348,3.2978,0.0011612
43,8805,4563285,12435228223,1871763283,17160008181348,3.3643,0.0011846
43,5904,853310,12435228223,343146753,17160008181348,3.4316,0.0012083
43,8442,3928072,12435228223,1558508953,17160008181348,3.4780,0.0012246
43,8526,54421442,12435228223,21473139120,17160008181348,3.4973,0.0012314
43,1603,670995,12435228223,262054169,17160008181348,3.5334,0.0012441
43,8305,2403048,12435228223,938360048,17160008181348,3.5339,0.0012443
43,4414,2250929,12435228223,863061906,17160008181348,3.5990,0.0012672
43,5207,794892,12435228223,303861368,17160008181348,3.6099,0.0012711
43,5902,7514760,12435228223,2864872714,17160008181348,3.6197,0.0012745
43,4206,332649,12435228223,124483916,17160008181348,3.6875,0.0012984
43,4504,2250929,12435228223,829764984,17160008181348,3.7434,0.0013181
43,5606,1586167,12435228223,581494544,17160008181348,3.7642,0.0013254
43,3817,6234422,12435228223,2284275255,17160008181348,3.7663,0.0013261
43,9702,1710505,12435228223,625735863,17160008181348,3.7722,0.0013282
43,406,84609152,12435228223,30802570602,17160008181348,3.7905,0.0013346
43,3821,6234422,12435228223,2220595342,17160008181348,3.8743,0.0013642
43,4503,2250929,12435228223,799021200,17160008181348,3.8875,0.0013688
43,708,4516468,12435228223,1602805826,17160008181348,3.8885,0.0013692
43,3823,157823319,12435228223,55677108893,17160008181348,3.9116,0.0013773
43,208,2324359,12435228223,814072744,17160008181348,3.9401,0.0013873
43,813,6909805,12435228223,2375850119,17160008181348,4.0134,0.0014131
43,2902,157823319,12435228223,53887180667,17160008181348,4.0416,0.0014231
43,5310,590193,12435228223,200145163,17160008181348,4.0692,0.0014328
43,1106,1869796,12435228223,631563839,17160008181348,4.0855,0.0014385
43,7116,4172873,12435228223,1403202647,17160008181348,4.1037,0.0014449
43,6215,2002439,12435228223,670657056,17160008181348,4.1202,0.0014508
43,5004,794892,12435228223,262882855,17160008181348,4.1726,0.0014692
43,5802,590193,12435228223,190733647,17160008181348,4.2700,0.0015035
43,8310,2403048,12435228223,773700010,17160008181348,4.2860,0.0015091
43,5001,16254,12435228223,5210609,17160008181348,4.3046,0.0015157
43,4008,13571442,12435228223,4274303343,17160008181348,4.3815,0.0015428
43,2001,6909805,12435228223,2078865334,17160008181348,4.5867,0.0016150
43,511,9344444,12435228223,2796718647,17160008181348,4.6107,0.0016235
43,5203,794892,12435228223,237569651,17160008181348,4.6172,0.0016257
43,8522,6691126,12435228223,1985597535,17160008181348,4.6502,0.0016374
43,9107,1351653,12435228223,400474969,17160008181348,4.6575,0.0016399
43,3503,6235322,12435228223,1828397544,17160008181348,4.7060,0.0016570
43,5202,1759812,12435228223,487105029,17160008181348,4.9855,0.0017554
43,5303,794892,12435228223,214072029,17160008181348,5.1240,0.0018042
43,3810,6234422,12435228223,1673052908,17160008181348,5.1422,0.0018106
43,4004,964920,12435228223,256191172,17160008181348,5.1975,0.0018300
43,3913,8875882,12435228223,2337876022,17160008181348,5.2391,0.0018447
43,7101,4215936,12435228223,1109939201,17160008181348,5.2415,0.0018456
43,1007,4516468,12435228223,1178440537,17160008181348,5.2888,0.0018622
43,8540,6576628,12435228223,1713147273,17160008181348,5.2975,0.0018653
43,7418,2795218,12435228223,727308450,17160008181348,5.3035,0.0018674
43,9110,1351653,12435228223,351124953,17160008181348,5.3121,0.0018704
43,9106,1351653,12435228223,350562955,17160008181348,5.3206,0.0018734
43,1501,2350341,12435228223,605616502,17160008181348,5.3555,0.0018857
43,1505,794892,12435228223,202060466,17160008181348,5.4286,0.0019114
43,4102,2324359,12435228223,588445626,17160008181348,5.4508,0.0019193
43,3702,6234422,12435228223,1576512198,17160008181348,5.4571,0.0019215
43,5505,964920,12435228223,242025048,17160008181348,5.5017,0.0019372
43,8440,3902987,12435228223,960695261,17160008181348,5.6063,0.0019740
43,2305,195579,12435228223,47712533,17160008181348,5.6566,0.0019917
43,7402,42812636,12435228223,10413891810,17160008181348,5.6731,0.0019975
43,4601,2250929,12435228223,537273555,17160008181348,5.7814,0.0020356
43,2905,157823319,12435228223,37035277749,17160008181348,5.8806,0.0020706
43,209,2350341,12435228223,548808213,17160008181348,5.9098,0.0020809
43,4417,2250929,12435228223,510405416,17160008181348,6.0857,0.0021428
43,402,84609152,12435228223,18574939214,17160008181348,6.2857,0.0022132
43,1202,11426273,12435228223,2483663620,17160008181348,6.3486,0.0022354
43,3820,6234422,12435228223,1347767596,17160008181348,6.3833,0.0022476
43,3921,123946349,12435228223,26788336232,17160008181348,6.3849,0.0022481
43,7114,4172873,12435228223,883335392,17160008181348,6.5189,0.0022953
43,7609,4388093,12435228223,918697167,17160008181348,6.5912,0.0023208
43,3917,123946349,12435228223,25900063335,17160008181348,6.6038,0.0023252
43,3502,6905417,12435228223,1435236896,17160008181348,6.6394,0.0023378
43,205,2324359,12435228223,483043649,17160008181348,6.6402,0.0023380
43,6504,2002439,12435228223,415132637,17160008181348,6.6563,0.0023437
43,8210,2403048,12435228223,493233085,17160008181348,6.7232,0.0023673
43,4302,6659666,12435228223,1362267900,17160008181348,6.7461,0.0023753
43,7409,42812636,12435228223,8627393875,17160008181348,6.8479,0.0024112
43,1008,4516468,12435228223,908505512,17160008181348,6.8602,0.0024155
43,4103,2340613,12435228223,467080256,17160008181348,6.9152,0.0024349
43,2707,157823319,12435228223,31299911357,17160008181348,6.9581,0.0024500
43,2307,92357,12435228223,18231449,17160008181348,6.9906,0.0024614
43,2003,6909805,12435228223,1347367325,17160008181348,7.0769,0.0024918
43,4304,481857,12435228223,93173996,17160008181348,7.1365,0.0025128
43,6406,43178825,12435228223,8323078121,17160008181348,7.1590,0.0025207
43,7001,2309130,12435228223,436164047,17160008181348,7.3057,0.0025724
43,4101,2324359,12435228223,422880318,17160008181348,7.5849,0.0026707
43,1204,4516468,12435228223,805353904,17160008181348,7.7388,0.0027249
43,5204,794892,12435228223,140079080,17160008181348,7.8307,0.0027572
43,2901,157823319,12435228223,27604698246,17160008181348,7.8895,0.0027779
43,8007,2403048,12435228223,411673525,17160008181348,8.0551,0.0028363
43,1004,4516468,12435228223,768916828,17160008181348,8.1056,0.0028540
43,3914,8875882,12435228223,1505328360,17160008181348,8.1366,0.0028649
43,3407,6234422,12435228223,1023372224,17160008181348,8.4067,0.0029600
43,5807,7514760,12435228223,1201469476,17160008181348,8.6311,0.0030391
43,9029,54630295,12435228223,8619476690,17160008181348,8.7461,0.0030796
43,7411,42812636,12435228223,6722398353,17160008181348,8.7884,0.0030944
43,9113,11197377,12435228223,1757781291,17160008181348,8.7905,0.0030952
43,7603,4388093,12435228223,686808901,17160008181348,8.8167,0.0031044
43,7410,42812636,12435228223,6671868327,17160008181348,8.8550,0.0031179
43,9015,54960003,12435228223,8480514720,17160008181348,8.9431,0.0031489
43,3819,6234422,12435228223,927556593,17160008181348,9.2751,0.0032658
43,4107,6659666,12435228223,988488355,17160008181348,9.2970,0.0032735
43,2308,6909805,12435228223,1022507169,17160008181348,9.3253,0.0032835
43,6507,2002439,12435228223,293872034,17160008181348,9.4030,0.0033108
43,9028,54421442,12435228223,7919414375,17160008181348,9.4829,0.0033390
43,5811,1586167,12435228223,228500683,17160008181348,9.5791,0.0033728
43,7806,2403048,12435228223,344338218,17160008181348,9.6303,0.0033909
43,7407,42812636,12435228223,6103959592,17160008181348,9.6789,0.0034080
43,7206,4068869,12435228223,579529624,17160008181348,9.6886,0.0034114
43,9014,54421442,12435228223,7656020085,17160008181348,9.8091,0.0034538
43,4105,6659666,12435228223,924071745,17160008181348,9.9451,0.0035017
43,5406,794892,12435228223,109251298,17160008181348,10.0403,0.0035352
43,6603,2583578,12435228223,354257018,17160008181348,10.0639,0.0035436
43,8304,2403048,12435228223,327991501,17160008181348,10.1103,0.0035599
43,510,2324359,12435228223,315271122,17160008181348,10.1738,0.0035822
43,9614,2583578,12435228223,345238552,17160008181348,10.3268,0.0036361
43,9604,332649,12435228223,42699177,17160008181348,10.7505,0.0037853
43,9104,1351653,12435228223,171037763,17160008181348,10.9053,0.0038398
43,506,2324359,12435228223,292373904,17160008181348,10.9705,0.0038628
43,8002,964920,12435228223,120328004,17160008181348,11.0659,0.0038964
43,405,84609152,12435228223,10475307007,17160008181348,11.1459,0.0039245
43,2922,158902230,12435228223,19503339908,17160008181348,11.2431,0.0039587
43,5906,13571442,12435228223,1604275624,17160008181348,11.6738,0.0041104
43,5005,794892,12435228223,91798946,17160008181348,11.9491,0.0042073
43,7015,1344210,12435228223,154354810,17160008181348,12.0174,0.0042314
43,5803,590193,12435228223,67140034,17160008181348,12.1304,0.0042712
43,5308,794892,12435228223,90105662,17160008181348,12.1736,0.0042864
43,6506,31297052,12435228223,3512048369,17160008181348,12.2972,0.0043299
43,5907,7514760,12435228223,839589124,17160008181348,12.3513,0.0043489
43,7105,4172873,12435228223,463520748,17160008181348,12.4231,0.0043742
43,401,84609152,12435228223,9324274008,17160008181348,12.5218,0.0044090
43,7412,42812636,12435228223,4703169007,17160008181348,12.5616,0.0044230
43,6213,2002439,12435228223,218865102,17160008181348,12.6254,0.0044455
43,9103,1351653,12435228223,145219952,17160008181348,12.8441,0.0045225
43,4501,2251225,12435228223,241255341,17160008181348,12.8767,0.0045340
43,8801,660298,12435228223,70043839,17160008181348,13.0087,0.0045804
43,3703,6234422,12435228223,655107839,17160008181348,13.1325,0.0046240
43,8410,11319917,12435228223,1169359843,17160008181348,13.3585,0.0047036
43,7011,1344210,12435228223,138707833,17160008181348,13.3730,0.0047087
43,2934,158902230,12435228223,16139850272,17160008181348,13.5861,0.0047837
43,9025,55647870,12435228223,5627105016,17160008181348,13.6467,0.0048051
43,2915,157823319,12435228223,15646727577,17160008181348,13.9191,0.0049010
43,711,6909805,12435228223,685023971,17160008181348,13.9195,0.0049011
43,4106,6659666,12435228223,654642598,17160008181348,14.0382,0.0049429
43,2917,157823319,12435228223,15505426331,17160008181348,14.0460,0.0049456
43,7316,2403048,12435228223,235328853,17160008181348,14.0913,0.0049616
43,2909,157823319,12435228223,14802743163,17160008181348,14.7127,0.0051804
43,5003,964920,12435228223,89886816,17160008181348,14.8135,0.0052159
43,4404,3557738,12435228223,326413774,17160008181348,15.0407,0.0052959
43,502,2324359,12435228223,198444435,17160008181348,16.1632,0.0056911
43,5604,7514760,12435228223,617542433,17160008181348,16.7924,0.0059127
43,4406,3557738,12435228223,291924290,17160008181348,16.8177,0.0059216
43,4014,13571442,12435228223,1106649280,17160008181348,16.9231,0.0059587
43,5910,7514760,12435228223,577715709,17160008181348,17.9500,0.0063203
43,1213,4516468,12435228223,342660118,17160008181348,18.1886,0.0064043
43,507,2324359,12435228223,172906288,17160008181348,18.5505,0.0065317
43,9605,3243728,12435228223,237846470,17160008181348,18.8196,0.0066265
43,1702,85329680,12435228223,6250445591,17160008181348,18.8388,0.0066332
43,1002,4516468,12435228223,330780080,17160008181348,18.8418,0.0066343
43,5901,7514760,12435228223,548366444,17160008181348,18.9107,0.0066586
43,5103,1759812,12435228223,128391851,17160008181348,18.9144,0.0066598
43,8804,4352059,12435228223,304919735,17160008181348,19.6958,0.0069350
43,9109,1351653,12435228223,94587758,17160008181348,19.7194,0.0069433
43,2916,157823319,12435228223,10983812177,17160008181348,19.8281,0.0069816
43,2903,157823319,12435228223,10953105378,17160008181348,19.8837,0.0070012
43,2921,157823319,12435228223,10109934322,17160008181348,21.5420,0.0075850
43,5808,7514760,12435228223,468636669,17160008181348,22.1280,0.0077914
43,8107,964920,12435228223,58357448,17160008181348,22.8170,0.0080340
43,9012,54421442,12435228223,3097680011,17160008181348,24.2436,0.0085363
43,2207,157823319,12435228223,8618587187,17160008181348,25.2696,0.0088976
43,2932,158902230,12435228223,8599889311,17160008181348,25.4977,0.0089779
43,5909,7514760,12435228223,400775332,17160008181348,25.8749,0.0091107
43,403,84609152,12435228223,4474169356,17160008181348,26.0957,0.0091884
43,2918,158902230,12435228223,8094785487,17160008181348,27.0887,0.0095381
43,9033,54421442,12435228223,2741646969,17160008181348,27.3919,0.0096448
43,404,84609152,12435228223,4191292247,17160008181348,27.8569,0.0098086
43,2907,157823319,12435228223,7562475813,17160008181348,28.7986,0.0101401
43,2929,157823319,12435228223,7450697891,17160008181348,29.2306,0.0102922
43,2924,158902230,12435228223,7353203834,17160008181348,29.8207,0.0105000
43,3916,123946349,12435228223,5707565019,17160008181348,29.9672,0.0105516
43,9024,54421442,12435228223,2501568865,17160008181348,30.0207,0.0105704
43,2931,157823319,12435228223,7251493867,17160008181348,30.0336,0.0105750
43,5405,482014,12435228223,21997020,17160008181348,30.2385,0.0106471
43,9615,31365012,12435228223,1415680839,17160008181348,30.5734,0.0107650
43,2914,157823319,12435228223,7092617176,17160008181348,30.7064,0.0108119
43,3813,6234422,12435228223,279218698,17160008181348,30.8117,0.0108489
43,5507,794892,12435228223,35126845,17160008181348,31.2272,0.0109952
43,2930,157823319,12435228223,6861881241,17160008181348,31.7389,0.0111754
43,9017,54751150,12435228223,2378364569,17160008181348,31.7672,0.0111854
43,4007,13571442,12435228223,566596395,17160008181348,33.0534,0.0116383
43,2926,157823319,12435228223,6382986176,17160008181348,34.1202,0.0120139
43,4502,2250929,12435228223,81626974,17160008181348,38.0533,0.0133987
43,4003,13571442,12435228223,472027535,17160008181348,39.6755,0.0139699
43,4012,74218571,12435228223,2577397154,17160008181348,39.7370,0.0139916
43,812,6909805,12435228223,233778644,17160008181348,40.7873,0.0143614
43,3507,157823319,12435228223,5255563042,17160008181348,41.4396,0.0145911
43,5302,794892,12435228223,25969953,17160008181348,42.2377,0.0148721
43,5605,7514760,12435228223,241976201,17160008181348,42.8555,0.0150896
43,9112,1351653,12435228223,41167773,17160008181348,45.3077,0.0159530
43,5113,590193,12435228223,16922315,17160008181348,48.1280,0.0169461
43,7406,42812636,12435228223,1183674872,17160008181348,49.9118,0.0175742
43,6308,4352059,12435228223,108491152,17160008181348,55.3559,0.0194911
43,6501,2002439,12435228223,48994131,17160008181348,56.4000,0.0198587
43,7401,42812636,12435228223,1030613584,17160008181348,57.3244,0.0201842
43,2910,157823319,12435228223,3797439427,17160008181348,57.3514,0.0201937
43,4405,3557738,12435228223,84634989,17160008181348,58.0080,0.0204249
43,4017,13571442,12435228223,278904196,17160008181348,67.1482,0.0236432
43,3501,90844474,12435228223,1782283475,17160008181348,70.3373,0.0247661
43,3802,164057741,12435228223,2622448356,17160008181348,86.3284,0.0303966
43,5006,794892,12435228223,11904507,17160008181348,92.1426,0.0324438
43,4013,73253651,12435228223,1092769189,17160008181348,92.5049,0.0325714
43,2912,157823319,12435228223,2343264253,17160008181348,92.9423,0.0327254
43,2906,157823319,12435228223,2337568055,17160008181348,93.1688,0.0328052
43,814,6909805,12435228223,101988275,17160008181348,93.4930,0.0329193
43,2904,157823319,12435228223,2059976596,17160008181348,105.7238,0.0372258
43,2942,157823319,12435228223,1810825729,17160008181348,120.2703,0.0423477
43,5805,4352059,12435228223,49670513,17160008181348,120.9093,0.0425728
43,2939,158902230,12435228223,1756541923,17160008181348,124.8347,0.0439549
43,6502,2002439,12435228223,21482389,17160008181348,128.6295,0.0452910
43,2920,157823319,12435228223,1643207113,17160008181348,132.5387,0.0466675
43,3806,157823319,12435228223,1444015921,17160008181348,150.8214,0.0531049
43,2925,157823319,12435228223,1420495007,17160008181348,153.3187,0.0539842
43,9016,54421442,12435228223,487265971,17160008181348,154.1231,0.0542675
43,4402,157823319,12435228223,1322144093,17160008181348,164.7237,0.0580000
43,2928,157823319,12435228223,1257198196,17160008181348,173.2332,0.0609962
43,5104,794892,12435228223,5670143,17160008181348,193.4541,0.0681161
43,5110,794892,12435228223,5408972,17160008181348,202.7949,0.0714051
43,7405,42812636,12435228223,279258582,17160008181348,211.5579,0.0744905
43,4006,86825093,12435228223,552050322,17160008181348,217.0353,0.0764191
43,2919,157823319,12435228223,907270609,17160008181348,240.0480,0.0845220
43,5908,7514760,12435228223,39449877,17160008181348,262.8653,0.0925561
43,5809,7514760,12435228223,33256405,17160008181348,311.8197,0.1097932
43,2927,157823319,12435228223,595204013,17160008181348,365.9056,0.1288371
43,2908,157823319,12435228223,589139319,17160008181348,369.6723,0.1301634
43,3804,157823319,12435228223,429967647,17160008181348,506.5229,0.1783491
43,3805,157823319,12435228223,385902988,17160008181348,564.3607,0.1987141
43,3803,157823319,12435228223,245506691,17160008181348,887.0979,0.3123514
43,3807,157823319,12435228223,173210761,17160008181348,1257.3611,0.4427228
43,2913,157823319,12435228223,82153898,17160008181348,2650.9817,0.9334232
43,2911,157823319,12435228223,76684355,17160008181348,2840.0640,1.0000000
